sample,total
greedy,2653.0576666666666
legacy,2640.2826666666665
proto_core,2866.840666666667
protocluster,2985.594333333333
simple_match,2603.7746666666667
